id,user_id,domain
89,13749677-0729-45f4-acd1-636c15955e3a,traydees.com
91,8731775a-2304-4834-95a6-32e9d3b22fd3,rezonanz.io
99,ed3f0f5b-104b-49c4-964f-794e1fa4e7ff,enkelenergi.dk
153,3f2c49be-e43e-4c92-9f98-1752b12be6d3,tikitracker.com
161,5f9e6c35-e63c-4474-a7d1-83d0b00fa29f,scaleup.finance
162,0cd6938d-2013-4829-9c7b-5d677ecd3792,entropysurvival.com
195,d9316a7b-9da9-435b-97a3-1caace627da8,entropysurvival.com
196,743e953c-5b50-46f8-8ac9-cc1370defe44,bifroststudios.com
197,62cebba9-e6ba-4c42-aee2-7e38ff5c5d5a,mycena.co
198,c7048770-f45a-4f5e-9a7f-10e297c7884a,sient.com
199,ba2568d4-b3cf-489b-92c4-91a7e203284b,sonicleaudiolabs.com
200,1bacbb55-6190-4ec6-bd10-87833fc4f25c,quizified.app
201,7b64fb70-481a-4e1a-867a-845767f7670a,espy-go.com
202,a996eda3-1d53-49fd-9fa8-555953b7377f,aetherius.org
203,865b055b-e7c2-49fc-b29b-cae1c36ea007,simplyreview.com
204,4496f77b-3c78-4d90-93c4-5d48e1163374,getearlybird.ai
205,3b3bc967-553c-437b-a792-40e817d5f809,virtex.co
213,51259b6d-2b3f-4899-9a09-ecfa515d6b57,scaleup.finance
214,04532d28-6ae7-43bb-8bce-916f97235872,espy-go.com
215,5f9e6c35-e63c-4474-a7d1-83d0b00fa29f,scaleup.finance
233,0f31835d-f762-4442-995e-23f8825efc86,bambulab.com
234,98920ef0-03f9-4768-b8fa-1c01cb77e8c3,developdiverse.com
239,5f9e6c35-e63c-4474-a7d1-83d0b00fa29f,evotalent.co.uk
241,5f9e6c35-e63c-4474-a7d1-83d0b00fa29f,evotalent.co.uk
243,f7719a27-cb8a-4bed-aa55-9723ad15e521,llamacloud.co
246,6a5a429e-bea9-4fbb-b07a-4743cffe6078,impactadvantage.co.uk
247,b7c143a3-67b3-4815-b105-37e41c73857e,hireanentrepreneur.pro
248,fd474be4-e6a8-4152-95e5-3c683b6869b1,jacta.app
249,fe5cb75d-aa60-4ff7-9b00-627e55103d6f,yaprap.net
251,4c7aad03-660e-431a-b931-db435fb9b2c1,app.espy-go.com
252,b356ae95-2071-4649-a490-e3fbd096adb6,monica.im
253,38afaba8-9148-4ee8-b8a7-21c7916ab476,telmi.io
254,482b12d8-ab9d-4a3b-85e8-bdbce87e9939,entropysurvival.com
255,cedea811-f590-42bc-b1db-f1bc0142bf3e,float.energy
256,ce0d0435-a37c-40bd-a076-143fe2fc584e,rm1.ae
257,ffbbdd75-1547-4090-847b-4f52eade309d,manekiventures.digital
258,0e2e7ea2-19f1-40e7-b2b4-9c454fc010a2,telega.io
259,254b3015-1c05-4bab-a68e-a2f5d212174e,krahost.net
260,1ea9e985-4c86-4434-8aae-bc9dc899bf84,codepen.io
261,0b3dc9fc-06e4-4397-8996-ffcee329ed25,upgradevip.com
264,d7be5a45-601a-494f-97bb-f69d73683f1a,google.com
266,73096602-3a69-41b7-9bd2-91d30e2ac401,elysium-studios.co.uk
267,7f44b5ca-99df-46fc-9fc2-343734e09908,app.espy-go.com
268,6029445f-a002-40a2-be5d-2382e33c5870,hireanentrepreneur.pro
269,59d6bc68-e176-491f-bc60-d82ddf87869e,appsumo.com
270,e23d4bef-d977-45b0-bf00-af0481bcff40,mycena.co
271,2ed2db6e-9ee1-4443-b164-c47d35fd3e18,talenthance.com
272,e8356d83-4ef9-4014-841a-2a83e7e0aeb5,hercule.ai
276,e8389255-166f-41a7-b30e-925c5f834fde,raseedinvest.com
277,a953b517-905b-4efa-8ee8-f2a765237bd1,espy-go.com
278,c50f979c-627b-41ff-8f5f-f33f827db352,tasrieit.com
279,389244c7-e347-425f-96c8-c3d60aabf001,kode.com.py
281,578a828e-cf38-4f04-8fc5-413578b50efb,ycombinator.com
282,0af9418d-a31d-4aa3-a140-8fc9e536bac8,onboardingpro.app
283,5ed27298-0f33-4280-b57c-c84839cd9d9e,skillfyme.com
284,b24f2f20-388e-4b76-bd3c-d0eda5642b84,cynthiagardens.com
285,5791f210-027e-43b1-a512-48fa1823327c,gcmarketingsupport.com
286,6ce8cad4-233e-47bc-a8c1-c044771c54be,gcmarketingsupport.com
287,7fe927a6-9b1c-46f2-ba66-8fb8812ac87e,stewardmadropsfx.com
289,579b1286-125d-4a0c-b8f4-e006bef2ef6b,fundamentum.in
290,50a9af7d-594f-4462-b4db-db195dd8bac2,espy-go.com
295,93e557e2-91b2-45f9-82c4-d983789658ca,formulationfactory.com
296,c80375cc-6841-49bc-8341-445ed4228462,examaerion.com
297,c80375cc-6841-49bc-8341-445ed4228462,examaerion.com
299,c80375cc-6841-49bc-8341-445ed4228462,sparkplugcode.com
303,9b64e5ce-e453-4699-af24-200a40b12fdc,musicgateway.com
310,1ab8496b-b73e-42f8-a24c-328b50393979,rubyavenue.co.uk
311,93431b3f-9077-428f-b150-1f5ae3ec8afa,hansschumann.com
315,c144c39d-03fa-4f0f-9778-2fc260ff62c1,landeslaw.com
316,2617791a-9cd2-4840-8054-3bd2690e36e9,Heirloomgraphics.com
317,c80375cc-6841-49bc-8341-445ed4228462,startup.gov.ng
318,c267fed0-3182-4a5c-96db-f6f07410b5f6,loxxboxx.com
319,20c0fc0f-9b80-46bb-8edf-e9049b663303,samwell.ai
320,fa27d3cb-9ee6-4648-a1fa-7628fd96e3cf,8thdial.com
321,688890cc-4a0b-49ec-a835-798c60e9b272,goldinvestmentcompanyreviews.com
322,4d0782a6-dd67-451f-a643-0f38360f9237,mothaearth.com
323,6b8351af-77f9-490e-9069-30235feb3814,oldhamgutters.co.uk
324,1afd4ca9-5315-4468-b56e-9e93f4858143,livcreehealth.org
325,8b28bdfe-db6f-4658-a618-71a91789d48e,peterborough-print.co.uk
326,50a9af7d-594f-4462-b4db-db195dd8bac2,espy-go.com
327,82ac9fd5-4679-4d46-822d-b1af8f7cb88a,vykee.com
328,3f8cd31a-ec27-45ff-aa43-1e688b87fca0,carolinairrigation.net
330,e077bc02-0a18-452a-8af8-62e3e4385cc1,espy-go.com
331,ba9f9560-f00c-4daa-824a-37070c8fb67a,wpallimport.com
332,25ae91af-7ec4-417b-9cc9-c844a5b28c9d,simplyecopackaging.co.uk
333,5e3fdefc-24c6-427e-bcca-77ff731ce96e,toriboysen.com
334,1ceaa078-a501-42ea-a8b5-fd2add7fc6ed,lrmcenter.com
335,25c702f9-52a9-4843-83c6-5e4b1881a811,restlessrabbitcreative.com
336,62cd4106-f5f5-449a-8c9c-f761bf06c1bd,londonlipclinic.co.uk
337,5ea8e1ae-4895-444e-a5bd-3050b6004f3a,thetestinglab.eu
338,cdb7e2fb-b35e-446d-af44-12cf1cd740aa,explorecornwalluk.com
339,c65d3312-311b-46f2-bd28-0b1bd71e7db8,mbmotorsstaffordshire.co.uk
340,c80375cc-6841-49bc-8341-445ed4228462,sparkplugcode.com
341,c80375cc-6841-49bc-8341-445ed4228462,sparkplugcode.com
342,c80375cc-6841-49bc-8341-445ed4228462,sparkplugcode.app
343,c80375cc-6841-49bc-8341-445ed4228462,sparkplugcode.com
344,c80375cc-6841-49bc-8341-445ed4228462,sparkplugcode.com
345,c80375cc-6841-49bc-8341-445ed4228462,augmentcode.com
346,c80375cc-6841-49bc-8341-445ed4228462,augmentcode.com
347,c80375cc-6841-49bc-8341-445ed4228462,augmentcode.com
348,c80375cc-6841-49bc-8341-445ed4228462,augmentcode.com
349,c80375cc-6841-49bc-8341-445ed4228462,augmentcode.com
350,c5091dc8-4de4-4014-a861-f1948dd0ada3,tublat.com
351,c5091dc8-4de4-4014-a861-f1948dd0ada3,tublat.com
352,31642796-6012-4d18-afc8-f8cc5c3dc4f3,cocktailcompany.dk
353,0b8e6246-2f13-4564-845f-2eb72c96b6e7,angliamarket.com
354,8721ded2-d5a9-4c46-9897-e343c4d83b59,windsorandetonstoves.co.uk
355,06459336-1322-4287-8e97-25afae3753fa,tegodata.com
356,441e6e43-b04f-4062-8dc9-29dc2048999f,loxxboxx.com
357,c267fed0-3182-4a5c-96db-f6f07410b5f6,tegodata.com
358,c267fed0-3182-4a5c-96db-f6f07410b5f6,loxxboxx.com
359,0e3c3eaf-4e81-47da-839f-89147f9b99b9,landmaintenance.site
360,4f9678a7-8f5f-4f6f-a24a-f811db02b830,pyxis.ro
361,2bfab0bc-75fb-4983-a9b0-1518080c03c6,saturday-cpc.co.uk
362,01d0f476-0be7-4c5c-a415-cf06ffd6f3ea,op300regresscover.space
363,604777bf-d3e5-4f2d-94da-4a08f3ff3161,limitlessguidedvisualizations.com
364,80687b26-a688-470a-9d0c-de9359ab773f,interstateroof.com
365,c1ee4719-f761-479c-8b32-35006867b1bd,letusclean4u.com
366,e3a700c3-6560-4dc8-bfb5-3f0356c09245,danicapayneaesthetics.com
367,5e1cdca5-6d9b-4532-84f6-06571bc0f892,fashionvelo.com
368,3b4987c6-cc6f-46e6-af24-1b10c6dd4945,altdatingclub.com
369,9a1e3e11-9f80-47b5-8034-f1e2c8f34586,puravive-shop.com
370,27efe7cb-c198-4fea-b56d-dbb482d1ee18,studiohamilton.co.uk
371,d09d59b9-4984-48b2-8b2f-94f6317d90a1,louiseandscottathaystravel.co.uk
372,a3f7b4d7-df1d-4e95-b2d4-2440c52c622c,google.com
373,a3f7b4d7-df1d-4e95-b2d4-2440c52c622c,thoms.style.com
374,0b69e224-5daf-4372-b3ee-05c24895f5c8,christopherburgon.co.uk
375,a475e34b-b5cf-4c9f-8393-98c47647e669,strongwhite.co.uk
376,5ea62181-eb02-41ab-97f0-3feed082bf74,newlifeaesthetics.co.uk
377,bd20efdb-a049-4ddf-9038-471f9ea4d7cd,craftycgifts.etsy.com
378,3eead43f-8f91-4f30-9549-73574e2cf8ce,hashtaghook.com
379,71b0fa4e-a6be-4828-9aed-494917e8936a,starboilerrepair.co.uk
380,a05124d3-daa8-43a1-b4f1-e93842d00c0d,1van1man.com
381,3a790858-9e57-42e6-96f3-6281de65a726,digituum.com
382,7b248494-ba94-498b-bd0b-ade8302012c6,losangelesigncompany.com